Card Name,Set Number,Pack
Bulbasaur,A1 001,Genetic Apex (A1) Mewtwo
Ivysaur,A1 002,Genetic Apex (A1) Mewtwo
Venusaur,A1 003,Genetic Apex (A1) Mewtwo
Venusaur ex,A1 004,Genetic Apex (A1) Mewtwo
Caterpie,A1 005,Genetic Apex (A1) Pikachu
Metapod,A1 006,Genetic Apex (A1) Pikachu
Butterfree,A1 007,Genetic Apex (A1) Pikachu
Weedle,A1 008,Genetic Apex (A1) Mewtwo
Kakuna,A1 009,Genetic Apex (A1) Mewtwo
Beedrill,A1 010,Genetic Apex (A1) Mewtwo
Oddish,A1 011,Genetic Apex (A1) Charizard
Gloom,A1 012,Genetic Apex (A1) Charizard
Vileplume,A1 013,Genetic Apex (A1) Charizard
Paras,A1 014,Genetic Apex (A1) Pikachu
Parasect,A1 015,Genetic Apex (A1) Pikachu
Venonat,A1 016,Genetic Apex (A1) Mewtwo
Venomoth,A1 017,Genetic Apex (A1) Mewtwo
Bellsprout,A1 018,Genetic Apex (A1) Charizard
Weepinbell,A1 019,Genetic Apex (A1) Charizard
Victreebel,A1 020,Genetic Apex (A1) Charizard
Exeggcute,A1 021,Genetic Apex (A1) Charizard
Exeggutor,A1 022,Genetic Apex (A1) Charizard
Exeggutor ex,A1 023,Genetic Apex (A1) Charizard
Tangela,A1 024,Genetic Apex (A1) Charizard
Scyther,A1 025,Genetic Apex (A1) Mewtwo
Pinsir,A1 026,Genetic Apex (A1) Any
Cottonee,A1 027,Genetic Apex (A1) Any
Whimsicott,A1 028,Genetic Apex (A1) Any
Petilil,A1 029,Genetic Apex (A1) Any
Lilligant,A1 030,Genetic Apex (A1) Any
Skiddo,A1 031,Genetic Apex (A1) Charizard
Gogoat,A1 032,Genetic Apex (A1) Charizard
Charmander,A1 033,Genetic Apex (A1) Charizard
Charmeleon,A1 034,Genetic Apex (A1) Charizard
Charizard,A1 035,Genetic Apex (A1) Charizard
Charizard ex,A1 036,Genetic Apex (A1) Charizard
Vulpix,A1 037,Genetic Apex (A1) Charizard
Ninetales,A1 038,Genetic Apex (A1) Charizard
Growlithe,A1 039,Genetic Apex (A1) Pikachu
Arcanine,A1 040,Genetic Apex (A1) Pikachu
Arcanine ex,A1 041,Genetic Apex (A1) Pikachu
Ponyta,A1 042,Genetic Apex (A1) Any
Rapidash,A1 043,Genetic Apex (A1) Any
Magmar,A1 044,Genetic Apex (A1) Charizard
Flareon,A1 045,Genetic Apex (A1) Charizard
Moltres,A1 046,Genetic Apex (A1) Charizard
Moltres ex,A1 047,Genetic Apex (A1) Charizard
Heatmor,A1 048,Genetic Apex (A1) Any
Salandit,A1 049,Genetic Apex (A1) Mewtwo
Salazzle,A1 050,Genetic Apex (A1) Mewtwo
Sizzlipede,A1 051,Genetic Apex (A1) Any
Centiskorch,A1 052,Genetic Apex (A1) Any
Squirtle,A1 053,Genetic Apex (A1) Pikachu
Wartortle,A1 054,Genetic Apex (A1) Pikachu
Blastoise,A1 055,Genetic Apex (A1) Pikachu
Blastoise ex,A1 056,Genetic Apex (A1) Pikachu
Psyduck,A1 057,Genetic Apex (A1) Any
Golduck,A1 058,Genetic Apex (A1) Any
Poliwag,A1 059,Genetic Apex (A1) Charizard
Poliwhirl,A1 060,Genetic Apex (A1) Charizard
Poliwrath,A1 061,Genetic Apex (A1) Charizard
Tentacool,A1 062,Genetic Apex (A1) Mewtwo
Tentacruel,A1 063,Genetic Apex (A1) Mewtwo
Seel,A1 064,Genetic Apex (A1) Pikachu
Dewgong,A1 065,Genetic Apex (A1) Pikachu
Shellder,A1 066,Genetic Apex (A1) Mewtwo
Cloyster,A1 067,Genetic Apex (A1) Mewtwo
Krabby,A1 068,Genetic Apex (A1) Mewtwo
Kingler,A1 069,Genetic Apex (A1) Mewtwo
Horsea,A1 070,Genetic Apex (A1) Pikachu
Seadra,A1 071,Genetic Apex (A1) Pikachu
Goldeen,A1 072,Genetic Apex (A1) Pikachu
Seaking,A1 073,Genetic Apex (A1) Pikachu
Staryu,A1 074,Genetic Apex (A1) Charizard
Starmie,A1 075,Genetic Apex (A1) Charizard
Starmie ex,A1 076,Genetic Apex (A1) Charizard
Magikarp,A1 077,Genetic Apex (A1) Pikachu
Gyarados,A1 078,Genetic Apex (A1) Pikachu
Lapras,A1 079,Genetic Apex (A1) Charizard
Vaporeon,A1 080,Genetic Apex (A1) Mewtwo
Omanyte,A1 081,Genetic Apex (A1) Pikachu
Omastar,A1 082,Genetic Apex (A1) Pikachu
Articuno,A1 083,Genetic Apex (A1) Mewtwo
Articuno ex,A1 084,Genetic Apex (A1) Mewtwo
Ducklett,A1 085,Genetic Apex (A1) Charizard
Swanna,A1 086,Genetic Apex (A1) Charizard
Froakie,A1 087,Genetic Apex (A1) Charizard
Frogadier,A1 088,Genetic Apex (A1) Charizard
Greninja,A1 089,Genetic Apex (A1) Charizard
Pyukumuku,A1 090,Genetic Apex (A1) Charizard
Bruxish,A1 091,Genetic Apex (A1) Any
Snom,A1 092,Genetic Apex (A1) Any
Frosmoth,A1 093,Genetic Apex (A1) Any
Pikachu,A1 094,Genetic Apex (A1) Pikachu
Raichu,A1 095,Genetic Apex (A1) Pikachu
Pikachu ex,A1 096,Genetic Apex (A1) Pikachu
Magnemite,A1 097,Genetic Apex (A1) Pikachu
Magneton,A1 098,Genetic Apex (A1) Pikachu
Voltorb,A1 099,Genetic Apex (A1) Pikachu
Electrode,A1 100,Genetic Apex (A1) Pikachu
Electabuzz,A1 101,Genetic Apex (A1) Pikachu
Jolteon,A1 102,Genetic Apex (A1) Pikachu
Zapdos,A1 103,Genetic Apex (A1) Pikachu
Zapdos ex,A1 104,Genetic Apex (A1) Pikachu
Blitzle,A1 105,Genetic Apex (A1) Any
Zebstrika,A1 106,Genetic Apex (A1) Any
Tynamo,A1 107,Genetic Apex (A1) Mewtwo
Eelektrik,A1 108,Genetic Apex (A1) Mewtwo
Eelektross,A1 109,Genetic Apex (A1) Mewtwo
Helioptile,A1 110,Genetic Apex (A1) Any
Heliolisk,A1 111,Genetic Apex (A1) Any
Pincurchin,A1 112,Genetic Apex (A1) Any
Clefairy,A1 113,Genetic Apex (A1) Pikachu
Clefable,A1 114,Genetic Apex (A1) Pikachu
Abra,A1 115,Genetic Apex (A1) Charizard
Kadabra,A1 116,Genetic Apex (A1) Charizard
Alakazam,A1 117,Genetic Apex (A1) Charizard
Slowpoke,A1 118,Genetic Apex (A1) Any
Slowbro,A1 119,Genetic Apex (A1) Any
Gastly,A1 120,Genetic Apex (A1) Mewtwo
Haunter,A1 121,Genetic Apex (A1) Mewtwo
Gengar,A1 122,Genetic Apex (A1) Mewtwo
Gengar ex,A1 123,Genetic Apex (A1) Mewtwo
Drowzee,A1 124,Genetic Apex (A1) Pikachu
Hypno,A1 125,Genetic Apex (A1) Pikachu
Mr. Mime,A1 126,Genetic Apex (A1) Mewtwo
Jynx,A1 127,Genetic Apex (A1) Mewtwo
Mewtwo,A1 128,Genetic Apex (A1) Mewtwo
Mewtwo ex,A1 129,Genetic Apex (A1) Mewtwo
Ralts,A1 130,Genetic Apex (A1) Mewtwo
Kirlia,A1 131,Genetic Apex (A1) Mewtwo
Gardevoir,A1 132,Genetic Apex (A1) Mewtwo
Woobat,A1 133,Genetic Apex (A1) Any
Swoobat,A1 134,Genetic Apex (A1) Any
Golett,A1 135,Genetic Apex (A1) Any
Golurk,A1 136,Genetic Apex (A1) Any
Sandshrew,A1 137,Genetic Apex (A1) Any
Sandslash,A1 138,Genetic Apex (A1) Any
Diglett,A1 139,Genetic Apex (A1) Pikachu
Dugtrio,A1 140,Genetic Apex (A1) Pikachu
Mankey,A1 141,Genetic Apex (A1) Charizard
Primeape,A1 142,Genetic Apex (A1) Charizard
Machop,A1 143,Genetic Apex (A1) Charizard
Machoke,A1 144,Genetic Apex (A1) Charizard
Machamp,A1 145,Genetic Apex (A1) Charizard
Machamp ex,A1 146,Genetic Apex (A1) Charizard
Geodude,A1 147,Genetic Apex (A1) Pikachu
Graveler,A1 148,Genetic Apex (A1) Pikachu
Golem,A1 149,Genetic Apex (A1) Pikachu
Onix,A1 150,Genetic Apex (A1) Pikachu
Cubone,A1 151,Genetic Apex (A1) Mewtwo
Marowak,A1 152,Genetic Apex (A1) Mewtwo
Marowak ex,A1 153,Genetic Apex (A1) Mewtwo
Hitmonlee,A1 154,Genetic Apex (A1) Mewtwo
Hitmonchan,A1 155,Genetic Apex (A1) Charizard
Rhyhorn,A1 156,Genetic Apex (A1) Mewtwo
Rhydon,A1 157,Genetic Apex (A1) Mewtwo
Kabuto,A1 158,Genetic Apex (A1) Charizard
Kabutops,A1 159,Genetic Apex (A1) Charizard
Mienfoo,A1 160,Genetic Apex (A1) Pikachu
Mienshao,A1 161,Genetic Apex (A1) Pikachu
Clobbopus,A1 162,Genetic Apex (A1) Any
Grapploct,A1 163,Genetic Apex (A1) Any
Ekans,A1 164,Genetic Apex (A1) Any
Arbok,A1 165,Genetic Apex (A1) Any
Nidoran F,A1 166,Genetic Apex (A1) Pikachu
Nidorina,A1 167,Genetic Apex (A1) Pikachu
Nidoqueen,A1 168,Genetic Apex (A1) Pikachu
Nidoran M,A1 169,Genetic Apex (A1) Pikachu
Nidorino,A1 170,Genetic Apex (A1) Pikachu
Nidoking,A1 171,Genetic Apex (A1) Pikachu
Zubat,A1 172,Genetic Apex (A1) Mewtwo
Golbat,A1 173,Genetic Apex (A1) Mewtwo
Grimer,A1 174,Genetic Apex (A1) Mewtwo
Muk,A1 175,Genetic Apex (A1) Mewtwo
Koffing,A1 176,Genetic Apex (A1) Mewtwo
Weezing,A1 177,Genetic Apex (A1) Mewtwo
Mawile,A1 178,Genetic Apex (A1) Charizard
Pawniard,A1 179,Genetic Apex (A1) Any
Bisharp,A1 180,Genetic Apex (A1) Any
Meltan,A1 181,Genetic Apex (A1) Charizard
Melmetal,A1 182,Genetic Apex (A1) Charizard
Dratini,A1 183,Genetic Apex (A1) Mewtwo
Dragonair,A1 184,Genetic Apex (A1) Mewtwo
Dragonite,A1 185,Genetic Apex (A1) Mewtwo
Pidgey,A1 186,Genetic Apex (A1) Mewtwo
Pidgeotto,A1 187,Genetic Apex (A1) Mewtwo
Pidgeot,A1 188,Genetic Apex (A1) Mewtwo
Rattata,A1 189,Genetic Apex (A1) Any
Raticate,A1 190,Genetic Apex (A1) Any
Spearow,A1 191,Genetic Apex (A1) Charizard
Fearow,A1 192,Genetic Apex (A1) Charizard
Jigglypuff,A1 193,Genetic Apex (A1) Pikachu
Wigglytuff,A1 194,Genetic Apex (A1) Pikachu
Wigglytuff ex,A1 195,Genetic Apex (A1) Pikachu
Meowth,A1 196,Genetic Apex (A1) Charizard
Persian,A1 197,Genetic Apex (A1) Charizard
Farfetch'd,A1 198,Genetic Apex (A1) Any
Doduo,A1 199,Genetic Apex (A1) Any
Dodrio,A1 200,Genetic Apex (A1) Any
Lickitung,A1 201,Genetic Apex (A1) Mewtwo
Chansey,A1 202,Genetic Apex (A1) Pikachu
Kangaskhan,A1 203,Genetic Apex (A1) Charizard
Tauros,A1 204,Genetic Apex (A1) Charizard
Ditto,A1 205,Genetic Apex (A1) Mewtwo
Eevee,A1 206,Genetic Apex (A1) Charizard
Eevee,A1 207,Genetic Apex (A1) Mewtwo
Eevee,A1 208,Genetic Apex (A1) Pikachu
Porygon,A1 209,Genetic Apex (A1) Mewtwo
Aerodactyl,A1 210,Genetic Apex (A1) Mewtwo
Snorlax,A1 211,Genetic Apex (A1) Pikachu
Minccino,A1 212,Genetic Apex (A1) Any
Cinccino,A1 213,Genetic Apex (A1) Any
Wooloo,A1 214,Genetic Apex (A1) Any
Dubwool,A1 215,Genetic Apex (A1) Any
Helix Fossil,A1 216,Genetic Apex (A1) Pikachu
Dome Fossil,A1 217,Genetic Apex (A1) Charizard
Old Amber,A1 218,Genetic Apex (A1) Mewtwo
Erika,A1 219,Genetic Apex (A1) Charizard
Misty,A1 220,Genetic Apex (A1) Pikachu
Blaine,A1 221,Genetic Apex (A1) Charizard
Koga,A1 222,Genetic Apex (A1) Mewtwo
Giovanni,A1 223,Genetic Apex (A1) Mewtwo
Brock,A1 224,Genetic Apex (A1) Pikachu
Sabrina,A1 225,Genetic Apex (A1) Charizard
Lt. Surge,A1 226,Genetic Apex (A1) Pikachu
Bulbasaur,A1 227,Genetic Apex (A1) Mewtwo
Gloom,A1 228,Genetic Apex (A1) Charizard
Pinsir,A1 229,Genetic Apex (A1) Charizard
Charmander,A1 230,Genetic Apex (A1) Charizard
Rapidash,A1 231,Genetic Apex (A1) Charizard
Squirtle,A1 232,Genetic Apex (A1) Pikachu
Gyarados,A1 233,Genetic Apex (A1) Pikachu
Lapras,A1 234,Genetic Apex (A1) Charizard
Electrode,A1 235,Genetic Apex (A1) Pikachu
Alakazam,A1 236,Genetic Apex (A1) Charizard
Slowpoke,A1 237,Genetic Apex (A1) Charizard
Diglett,A1 238,Genetic Apex (A1) Pikachu
Cubone,A1 239,Genetic Apex (A1) Mewtwo
Nidoqueen,A1 240,Genetic Apex (A1) Pikachu
Nidoking,A1 241,Genetic Apex (A1) Pikachu
Golbat,A1 242,Genetic Apex (A1) Mewtwo
Weezing,A1 243,Genetic Apex (A1) Mewtwo
Dragonite,A1 244,Genetic Apex (A1) Mewtwo
Pidgeot,A1 245,Genetic Apex (A1) Mewtwo
Meowth,A1 246,Genetic Apex (A1) Charizard
Ditto,A1 247,Genetic Apex (A1) Mewtwo
Eevee,A1 248,Genetic Apex (A1) Pikachu
Porygon,A1 249,Genetic Apex (A1) Mewtwo
Snorlax,A1 250,Genetic Apex (A1) Pikachu
Venusaur ex,A1 251,Genetic Apex (A1) Mewtwo
Exeggutor ex,A1 252,Genetic Apex (A1) Charizard
Charizard ex,A1 253,Genetic Apex (A1) Charizard
Arcanine ex,A1 254,Genetic Apex (A1) Pikachu
Moltres ex,A1 255,Genetic Apex (A1) Charizard
Blastoise ex,A1 256,Genetic Apex (A1) Pikachu
Starmie ex,A1 257,Genetic Apex (A1) Charizard
Articuno ex,A1 258,Genetic Apex (A1) Mewtwo
Pikachu ex,A1 259,Genetic Apex (A1) Pikachu
Zapdos ex,A1 260,Genetic Apex (A1) Pikachu
Gengar ex,A1 261,Genetic Apex (A1) Mewtwo
Mewtwo ex,A1 262,Genetic Apex (A1) Mewtwo
Machamp ex,A1 263,Genetic Apex (A1) Charizard
Marowak ex,A1 264,Genetic Apex (A1) Mewtwo
Wigglytuff ex,A1 265,Genetic Apex (A1) Pikachu
Erika,A1 266,Genetic Apex (A1) Charizard
Misty,A1 267,Genetic Apex (A1) Pikachu
Blaine,A1 268,Genetic Apex (A1) Charizard
Koga,A1 269,Genetic Apex (A1) Mewtwo
Giovanni,A1 270,Genetic Apex (A1) Mewtwo
Brock,A1 271,Genetic Apex (A1) Pikachu
Sabrina,A1 272,Genetic Apex (A1) Charizard
Lt. Surge,A1 273,Genetic Apex (A1) Pikachu
Moltres ex,A1 274,Genetic Apex (A1) Charizard
Articuno ex,A1 275,Genetic Apex (A1) Mewtwo
Zapdos ex,A1 276,Genetic Apex (A1) Pikachu
Gengar ex,A1 277,Genetic Apex (A1) Mewtwo
Machamp ex,A1 278,Genetic Apex (A1) Charizard
Wigglytuff ex,A1 279,Genetic Apex (A1) Pikachu
Charizard ex,A1 280,Genetic Apex (A1) Charizard
Pikachu ex,A1 281,Genetic Apex (A1) Pikachu
Mewtwo ex,A1 282,Genetic Apex (A1) Mewtwo
Mew,A1 283,Genetic Apex (A1) Special
Charizard ex,A1 284,Genetic Apex (A1) Any
Pikachu ex,A1 285,Genetic Apex (A1) Any
Mewtwo ex,A1 286,Genetic Apex (A1) Any
Exeggcute,A1a 001,Mythical Island (A1a) Mew
Exeggutor,A1a 002,Mythical Island (A1a) Mew
Celebi ex,A1a 003,Mythical Island (A1a) Mew
Snivy,A1a 004,Mythical Island (A1a) Mew
Servine,A1a 005,Mythical Island (A1a) Mew
Serperior,A1a 006,Mythical Island (A1a) Mew
Morelull,A1a 007,Mythical Island (A1a) Mew
Shiinotic,A1a 008,Mythical Island (A1a) Mew
Dhelmise,A1a 009,Mythical Island (A1a) Mew
Ponyta,A1a 010,Mythical Island (A1a) Mew
Rapidash,A1a 011,Mythical Island (A1a) Mew
Magmar,A1a 012,Mythical Island (A1a) Mew
Larvesta,A1a 013,Mythical Island (A1a) Mew
Volcarona,A1a 014,Mythical Island (A1a) Mew
Salandit,A1a 015,Mythical Island (A1a) Mew
Salazzle,A1a 016,Mythical Island (A1a) Mew
Magikarp,A1a 017,Mythical Island (A1a) Mew
Gyarados ex,A1a 018,Mythical Island (A1a) Mew
Vaporeon,A1a 019,Mythical Island (A1a) Mew
Finneon,A1a 020,Mythical Island (A1a) Mew
Lumineon,A1a 021,Mythical Island (A1a) Mew
Chewtle,A1a 022,Mythical Island (A1a) Mew
Drednaw,A1a 023,Mythical Island (A1a) Mew
Cramorant,A1a 024,Mythical Island (A1a) Mew
Pikachu,A1a 025,Mythical Island (A1a) Mew
Raichu,A1a 026,Mythical Island (A1a) Mew
Electabuzz,A1a 027,Mythical Island (A1a) Mew
Joltik,A1a 028,Mythical Island (A1a) Mew
Galvantula,A1a 029,Mythical Island (A1a) Mew
Dedenne,A1a 030,Mythical Island (A1a) Mew
Mew,A1a 031,Mythical Island (A1a) Mew
Mew ex,A1a 032,Mythical Island (A1a) Mew
Sigilyph,A1a 033,Mythical Island (A1a) Mew
Elgyem,A1a 034,Mythical Island (A1a) Mew
Beheeyem,A1a 035,Mythical Island (A1a) Mew
Flabebe,A1a 036,Mythical Island (A1a) Mew
Floette,A1a 037,Mythical Island (A1a) Mew
Florges,A1a 038,Mythical Island (A1a) Mew
Swirlix,A1a 039,Mythical Island (A1a) Mew
Slurpuff,A1a 040,Mythical Island (A1a) Mew
Mankey,A1a 041,Mythical Island (A1a) Mew
Primeape,A1a 042,Mythical Island (A1a) Mew
Geodude,A1a 043,Mythical Island (A1a) Mew
Graveler,A1a 044,Mythical Island (A1a) Mew
Golem,A1a 045,Mythical Island (A1a) Mew
Aerodactyl ex,A1a 046,Mythical Island (A1a) Mew
Marshadow,A1a 047,Mythical Island (A1a) Mew
Stonjourner,A1a 048,Mythical Island (A1a) Mew
Koffing,A1a 049,Mythical Island (A1a) Mew
Weezing,A1a 050,Mythical Island (A1a) Mew
Purrloin,A1a 051,Mythical Island (A1a) Mew
Liepard,A1a 052,Mythical Island (A1a) Mew
Venipede,A1a 053,Mythical Island (A1a) Mew
Whirlipede,A1a 054,Mythical Island (A1a) Mew
Scolipede,A1a 055,Mythical Island (A1a) Mew
Druddigon,A1a 056,Mythical Island (A1a) Mew
Pidgey,A1a 057,Mythical Island (A1a) Mew
Pidgeotto,A1a 058,Mythical Island (A1a) Mew
Pidgeot ex,A1a 059,Mythical Island (A1a) Mew
Tauros,A1a 060,Mythical Island (A1a) Mew
Eevee,A1a 061,Mythical Island (A1a) Mew
Chatot,A1a 062,Mythical Island (A1a) Mew
Old Amber,A1a 063,Mythical Island (A1a) Mew
Pokemon Flute,A1a 064,Mythical Island (A1a) Mew
Mythical Slab,A1a 065,Mythical Island (A1a) Mew
Budding Expeditioner,A1a 066,Mythical Island (A1a) Mew
Blue,A1a 067,Mythical Island (A1a) Mew
Leaf,A1a 068,Mythical Island (A1a) Mew
Exeggutor,A1a 069,Mythical Island (A1a) Mew
Serperior,A1a 070,Mythical Island (A1a) Mew
Salandit,A1a 071,Mythical Island (A1a) Mew
Vaporeon,A1a 072,Mythical Island (A1a) Mew
Dedenne,A1a 073,Mythical Island (A1a) Mew
Marshadow,A1a 074,Mythical Island (A1a) Mew
Celebi ex,A1a 075,Mythical Island (A1a) Mew
Gyarados ex,A1a 076,Mythical Island (A1a) Mew
Mew ex,A1a 077,Mythical Island (A1a) Mew
Aerodactyl ex,A1a 078,Mythical Island (A1a) Mew
Pidgeot ex,A1a 079,Mythical Island (A1a) Mew
Budding Expeditioner,A1a 080,Mythical Island (A1a) Mew
Blue,A1a 081,Mythical Island (A1a) Mew
Leaf,A1a 082,Mythical Island (A1a) Mew
Mew ex,A1a 083,Mythical Island (A1a) Mew
Aerodactyl ex,A1a 084,Mythical Island (A1a) Mew
Celebi ex,A1a 085,Mythical Island (A1a) Mew
Mew ex,A1a 086,Mythical Island (A1a) Mew
Oddish,A2 001,Space-Time Smackdown (A2) Any (Space-Time Smackdown)
Gloom,A2 002,Space-Time Smackdown (A2) Any (Space-Time Smackdown)
Bellossom,A2 003,Space-Time Smackdown (A2) Any (Space-Time Smackdown)
Tangela,A2 004,Space-Time Smackdown (A2) Dialga
Tangrowth,A2 005,Space-Time Smackdown (A2) Dialga
Yanma,A2 006,Space-Time Smackdown (A2) Dialga
Yanmega ex,A2 007,Space-Time Smackdown (A2) Dialga
Roselia,A2 008,Space-Time Smackdown (A2) Any (Space-Time Smackdown)
Roserade,A2 009,Space-Time Smackdown (A2) Any (Space-Time Smackdown)
Turtwig,A2 010,Space-Time Smackdown (A2) Palkia
Grotle,A2 011,Space-Time Smackdown (A2) Palkia
Torterra,A2 012,Space-Time Smackdown (A2) Palkia
Kricketot,A2 013,Space-Time Smackdown (A2) Palkia
Kricketune,A2 014,Space-Time Smackdown (A2) Palkia
Burmy,A2 015,Space-Time Smackdown (A2) Any (Space-Time Smackdown)
Wormadam,A2 016,Space-Time Smackdown (A2) Any (Space-Time Smackdown)
Combee,A2 017,Space-Time Smackdown (A2) Dialga
Vespiquen,A2 018,Space-Time Smackdown (A2) Dialga
Carnivine,A2 019,Space-Time Smackdown (A2) Palkia
Leafeon,A2 020,Space-Time Smackdown (A2) Dialga
Mow Rotom,A2 021,Space-Time Smackdown (A2) Any (Space-Time Smackdown)
Shaymin,A2 022,Space-Time Smackdown (A2) Dialga
Magmar,A2 023,Space-Time Smackdown (A2) Palkia
Magmortar,A2 024,Space-Time Smackdown (A2) Palkia
Slugma,A2 025,Space-Time Smackdown (A2) Any (Space-Time Smackdown)
Magcargo,A2 026,Space-Time Smackdown (A2) Any (Space-Time Smackdown)
Chimchar,A2 027,Space-Time Smackdown (A2) Palkia
Monferno,A2 028,Space-Time Smackdown (A2) Palkia
Infernape ex,A2 029,Space-Time Smackdown (A2) Palkia
Heat Rotom,A2 030,Space-Time Smackdown (A2) Any (Space-Time Smackdown)
Swinub,A2 031,Space-Time Smackdown (A2) Dialga
Piloswine,A2 032,Space-Time Smackdown (A2) Dialga
Mamoswine,A2 033,Space-Time Smackdown (A2) Dialga
Regice,A2 034,Space-Time Smackdown (A2) Palkia
Piplup,A2 035,Space-Time Smackdown (A2) Palkia
Prinplup,A2 036,Space-Time Smackdown (A2) Palkia
Empoleon,A2 037,Space-Time Smackdown (A2) Palkia
Buizel,A2 038,Space-Time Smackdown (A2) Any (Space-Time Smackdown)
Floatzel,A2 039,Space-Time Smackdown (A2) Any (Space-Time Smackdown)
Shellos,A2 040,Space-Time Smackdown (A2) Palkia
Gastrodon,A2 041,Space-Time Smackdown (A2) Palkia
Finneon,A2 042,Space-Time Smackdown (A2) Any (Space-Time Smackdown)
Lumineon,A2 043,Space-Time Smackdown (A2) Any (Space-Time Smackdown)
Snover,A2 044,Space-Time Smackdown (A2) Any (Space-Time Smackdown)
Abomasnow,A2 045,Space-Time Smackdown (A2) Any (Space-Time Smackdown)
Glaceon,A2 046,Space-Time Smackdown (A2) Palkia
Wash Rotom,A2 047,Space-Time Smackdown (A2) Any (Space-Time Smackdown)
Frost Rotom,A2 048,Space-Time Smackdown (A2) Any (Space-Time Smackdown)
Palkia ex,A2 049,Space-Time Smackdown (A2) Palkia
Manaphy,A2 050,Space-Time Smackdown (A2) Palkia
Magnemite,A2 051,Space-Time Smackdown (A2) Any (Space-Time Smackdown)
Magneton,A2 052,Space-Time Smackdown (A2) Any (Space-Time Smackdown)
Magnezone,A2 053,Space-Time Smackdown (A2) Any (Space-Time Smackdown)
Voltorb,A2 054,Space-Time Smackdown (A2) Any (Space-Time Smackdown)
Electrode,A2 055,Space-Time Smackdown (A2) Any (Space-Time Smackdown)
Electabuzz,A2 056,Space-Time Smackdown (A2) Dialga
Electivire,A2 057,Space-Time Smackdown (A2) Dialga
Shinx,A2 058,Space-Time Smackdown (A2) Dialga
Luxio,A2 059,Space-Time Smackdown (A2) Dialga
Luxray,A2 060,Space-Time Smackdown (A2) Dialga
Pachirisu ex,A2 061,Space-Time Smackdown (A2) Dialga
Rotom,A2 062,Space-Time Smackdown (A2) Palkia
Togepi,A2 063,Space-Time Smackdown (A2) Any (Space-Time Smackdown)
Togetic,A2 064,Space-Time Smackdown (A2) Any (Space-Time Smackdown)
Togekiss,A2 065,Space-Time Smackdown (A2) Any (Space-Time Smackdown)
Misdreavus,A2 066,Space-Time Smackdown (A2) Palkia
Mismagius ex,A2 067,Space-Time Smackdown (A2) Palkia
Ralts,A2 068,Space-Time Smackdown (A2) Dialga
Kirlia,A2 069,Space-Time Smackdown (A2) Dialga
Duskull,A2 070,Space-Time Smackdown (A2) Dialga
Dusclops,A2 071,Space-Time Smackdown (A2) Dialga
Dusknoir,A2 072,Space-Time Smackdown (A2) Dialga
Drifloon,A2 073,Space-Time Smackdown (A2) Dialga
Drifblim,A2 074,Space-Time Smackdown (A2) Dialga
Uxie,A2 075,Space-Time Smackdown (A2) Any (Space-Time Smackdown)
Mesprit,A2 076,Space-Time Smackdown (A2) Any (Space-Time Smackdown)
Azelf,A2 077,Space-Time Smackdown (A2) Any (Space-Time Smackdown)
Giratina,A2 078,Space-Time Smackdown (A2) Palkia
Cresselia,A2 079,Space-Time Smackdown (A2) Palkia
Rhyhorn,A2 080,Space-Time Smackdown (A2) Palkia
Rhydon,A2 081,Space-Time Smackdown (A2) Palkia
Rhyperior,A2 082,Space-Time Smackdown (A2) Palkia
Gligar,A2 083,Space-Time Smackdown (A2) Dialga
Gliscor,A2 084,Space-Time Smackdown (A2) Dialga
Hitmontop,A2 085,Space-Time Smackdown (A2) Dialga
Nosepass,A2 086,Space-Time Smackdown (A2) Any (Space-Time Smackdown)
Regirock,A2 087,Space-Time Smackdown (A2) Any (Space-Time Smackdown)
Cranidos,A2 088,Space-Time Smackdown (A2) Dialga
Rampardos,A2 089,Space-Time Smackdown (A2) Dialga
Wormadam,A2 090,Space-Time Smackdown (A2) Dialga
Riolu,A2 091,Space-Time Smackdown (A2) Dialga
Lucario,A2 092,Space-Time Smackdown (A2) Dialga
Hippopotas,A2 093,Space-Time Smackdown (A2) Palkia
Hippowdon,A2 094,Space-Time Smackdown (A2) Palkia
Gallade ex,A2 095,Space-Time Smackdown (A2) Dialga
Murkrow,A2 096,Space-Time Smackdown (A2) Dialga
Honchkrow,A2 097,Space-Time Smackdown (A2) Dialga
Sneasel,A2 098,Space-Time Smackdown (A2) Palkia
Weavile ex,A2 099,Space-Time Smackdown (A2) Palkia
Poochyena,A2 100,Space-Time Smackdown (A2) Any (Space-Time Smackdown)
Mightyena,A2 101,Space-Time Smackdown (A2) Any (Space-Time Smackdown)
Stunky,A2 102,Space-Time Smackdown (A2) Dialga
Skuntank,A2 103,Space-Time Smackdown (A2) Dialga
Spiritomb,A2 104,Space-Time Smackdown (A2) Palkia
Skorupi,A2 105,Space-Time Smackdown (A2) Any (Space-Time Smackdown)
Drapion,A2 106,Space-Time Smackdown (A2) Any (Space-Time Smackdown)
Croagunk,A2 107,Space-Time Smackdown (A2) Dialga
Toxicroak,A2 108,Space-Time Smackdown (A2) Dialga
Darkrai,A2 109,Space-Time Smackdown (A2) Dialga
Darkrai ex,A2 110,Space-Time Smackdown (A2) Dialga
Skarmory,A2 111,Space-Time Smackdown (A2) Any (Space-Time Smackdown)
Registeel,A2 112,Space-Time Smackdown (A2) Dialga
Shieldon,A2 113,Space-Time Smackdown (A2) Palkia
Bastiodon,A2 114,Space-Time Smackdown (A2) Palkia
Wormadam,A2 115,Space-Time Smackdown (A2) Palkia
Bronzor,A2 116,Space-Time Smackdown (A2) Dialga
Bronzong,A2 117,Space-Time Smackdown (A2) Dialga
Probopass,A2 118,Space-Time Smackdown (A2) Any (Space-Time Smackdown)
Dialga ex,A2 119,Space-Time Smackdown (A2) Dialga
Heatran,A2 120,Space-Time Smackdown (A2) Dialga
Gible,A2 121,Space-Time Smackdown (A2) Palkia
Gabite,A2 122,Space-Time Smackdown (A2) Palkia
Garchomp,A2 123,Space-Time Smackdown (A2) Palkia
Lickitung,A2 124,Space-Time Smackdown (A2) Palkia
Lickilicky ex,A2 125,Space-Time Smackdown (A2) Palkia
Eevee,A2 126,Space-Time Smackdown (A2) Any (Space-Time Smackdown)
Porygon,A2 127,Space-Time Smackdown (A2) Palkia
Porygon2,A2 128,Space-Time Smackdown (A2) Palkia
Porygon-Z,A2 129,Space-Time Smackdown (A2) Palkia
Aipom,A2 130,Space-Time Smackdown (A2) Any (Space-Time Smackdown)
Ambipom,A2 131,Space-Time Smackdown (A2) Any (Space-Time Smackdown)
Starly,A2 132,Space-Time Smackdown (A2) Palkia
Staravia,A2 133,Space-Time Smackdown (A2) Palkia
Staraptor,A2 134,Space-Time Smackdown (A2) Palkia
Bidoof,A2 135,Space-Time Smackdown (A2) Dialga
Bibarel,A2 136,Space-Time Smackdown (A2) Dialga
Buneary,A2 137,Space-Time Smackdown (A2) Dialga
Lopunny,A2 138,Space-Time Smackdown (A2) Dialga
Glameow,A2 139,Space-Time Smackdown (A2) Palkia
Purugly,A2 140,Space-Time Smackdown (A2) Palkia
Chatot,A2 141,Space-Time Smackdown (A2) Palkia
Fan Rotom,A2 142,Space-Time Smackdown (A2) Any (Space-Time Smackdown)
Regigigas,A2 143,Space-Time Smackdown (A2) Any (Space-Time Smackdown)
Skull Fossil,A2 144,Space-Time Smackdown (A2) Dialga
Armor Fossil,A2 145,Space-Time Smackdown (A2) Palkia
Pokemon Communication,A2 146,Space-Time Smackdown (A2) Dialga
Giant Cape,A2 147,Space-Time Smackdown (A2) Dialga
Rocky Helmet,A2 148,Space-Time Smackdown (A2) Palkia
Lum Berry,A2 149,Space-Time Smackdown (A2) Palkia
Cyrus,A2 150,Space-Time Smackdown (A2) Palkia
Team Galactic Grunt,A2 151,Space-Time Smackdown (A2) Dialga
Cynthia,A2 152,Space-Time Smackdown (A2) Palkia
Volkner,A2 153,Space-Time Smackdown (A2) Dialga
Dawn,A2 154,Space-Time Smackdown (A2) Dialga
Mars,A2 155,Space-Time Smackdown (A2) Palkia
Tangrowth,A2 156,Space-Time Smackdown (A2) Dialga
Combee,A2 157,Space-Time Smackdown (A2) Dialga
Carnivine,A2 158,Space-Time Smackdown (A2) Palkia
Shaymin,A2 159,Space-Time Smackdown (A2) Dialga
Mamoswine,A2 160,Space-Time Smackdown (A2) Dialga
Gastrodon,A2 161,Space-Time Smackdown (A2) Palkia
Manaphy,A2 162,Space-Time Smackdown (A2) Palkia
Shinx,A2 163,Space-Time Smackdown (A2) Dialga
Rotom,A2 164,Space-Time Smackdown (A2) Palkia
Drifloon,A2 165,Space-Time Smackdown (A2) Dialga
Mesprit,A2 166,Space-Time Smackdown (A2) Dialga
Giratina,A2 167,Space-Time Smackdown (A2) Palkia
Cresselia,A2 168,Space-Time Smackdown (A2) Palkia
Rhyperior,A2 169,Space-Time Smackdown (A2) Palkia
Lucario,A2 170,Space-Time Smackdown (A2) Dialga
Hippopotas,A2 171,Space-Time Smackdown (A2) Palkia
Spiritomb,A2 172,Space-Time Smackdown (A2) Palkia
Croagunk,A2 173,Space-Time Smackdown (A2) Dialga
Heatran,A2 174,Space-Time Smackdown (A2) Dialga
Garchomp,A2 175,Space-Time Smackdown (A2) Palkia
Staraptor,A2 176,Space-Time Smackdown (A2) Palkia
Bidoof,A2 177,Space-Time Smackdown (A2) Dialga
Glameow,A2 178,Space-Time Smackdown (A2) Palkia
Regigigas,A2 179,Space-Time Smackdown (A2) Dialga
Yanmega ex,A2 180,Space-Time Smackdown (A2) Dialga
Infernape ex,A2 181,Space-Time Smackdown (A2) Palkia
Palkia ex,A2 182,Space-Time Smackdown (A2) Palkia
Pachirisu ex,A2 183,Space-Time Smackdown (A2) Dialga
Mismagius ex,A2 184,Space-Time Smackdown (A2) Palkia
Gallade ex,A2 185,Space-Time Smackdown (A2) Dialga
Weavile ex,A2 186,Space-Time Smackdown (A2) Palkia
Darkrai ex,A2 187,Space-Time Smackdown (A2) Dialga
Dialga ex,A2 188,Space-Time Smackdown (A2) Dialga
Lickilicky ex,A2 189,Space-Time Smackdown (A2) Palkia
Cyrus,A2 190,Space-Time Smackdown (A2) Palkia
Team Galactic Grunt,A2 191,Space-Time Smackdown (A2) Dialga
Cynthia,A2 192,Space-Time Smackdown (A2) Palkia
Volkner,A2 193,Space-Time Smackdown (A2) Dialga
Dawn,A2 194,Space-Time Smackdown (A2) Dialga
Mars,A2 195,Space-Time Smackdown (A2) Palkia
Yanmega ex,A2 196,Space-Time Smackdown (A2) Dialga
Infernape ex,A2 197,Space-Time Smackdown (A2) Palkia
Pachirisu ex,A2 198,Space-Time Smackdown (A2) Dialga
Mismagius ex,A2 199,Space-Time Smackdown (A2) Palkia
Gallade ex,A2 200,Space-Time Smackdown (A2) Dialga
Weavile ex,A2 201,Space-Time Smackdown (A2) Palkia
Darkrai ex,A2 202,Space-Time Smackdown (A2) Dialga
Lickilicky ex,A2 203,Space-Time Smackdown (A2) Palkia
Palkia ex,A2 204,Space-Time Smackdown (A2) Palkia
Dialga ex,A2 205,Space-Time Smackdown (A2) Dialga
Palkia ex,A2 206,Space-Time Smackdown (A2) Any (Space-Time Smackdown)
Dialga ex,A2 207,Space-Time Smackdown (A2) Any (Space-Time Smackdown)
Heracross,A2a 001,Triumphant Light (A2a) Arceus
Burmy,A2a 002,Triumphant Light (A2a) Arceus
Mothim,A2a 003,Triumphant Light (A2a) Arceus
Combee,A2a 004,Triumphant Light (A2a) Arceus
Vespiquen,A2a 005,Triumphant Light (A2a) Arceus
Cherubi,A2a 006,Triumphant Light (A2a) Arceus
Cherrim,A2a 007,Triumphant Light (A2a) Arceus
Cherrim,A2a 008,Triumphant Light (A2a) Arceus
Carnivine,A2a 009,Triumphant Light (A2a) Arceus
Leafeon ex,A2a 010,Triumphant Light (A2a) Arceus
Houndour,A2a 011,Triumphant Light (A2a) Arceus
Houndoom,A2a 012,Triumphant Light (A2a) Arceus
Heatran,A2a 013,Triumphant Light (A2a) Arceus
Marill,A2a 014,Triumphant Light (A2a) Arceus
Azumarill,A2a 015,Triumphant Light (A2a) Arceus
Barboach,A2a 016,Triumphant Light (A2a) Arceus
Whiscash,A2a 017,Triumphant Light (A2a) Arceus
Snorunt,A2a 018,Triumphant Light (A2a) Arceus
Froslass,A2a 019,Triumphant Light (A2a) Arceus
Snover,A2a 020,Triumphant Light (A2a) Arceus
Abomasnow,A2a 021,Triumphant Light (A2a) Arceus
Glaceon ex,A2a 022,Triumphant Light (A2a) Arceus
Origin Forme Palkia,A2a 023,Triumphant Light (A2a) Arceus
Phione,A2a 024,Triumphant Light (A2a) Arceus
Pikachu,A2a 025,Triumphant Light (A2a) Arceus
Raichu,A2a 026,Triumphant Light (A2a) Arceus
Electrike,A2a 027,Triumphant Light (A2a) Arceus
Manectric,A2a 028,Triumphant Light (A2a) Arceus
Clefairy,A2a 029,Triumphant Light (A2a) Arceus
Clefable,A2a 030,Triumphant Light (A2a) Arceus
Gastly,A2a 031,Triumphant Light (A2a) Arceus
Haunter,A2a 032,Triumphant Light (A2a) Arceus
Gengar,A2a 033,Triumphant Light (A2a) Arceus
Unown,A2a 034,Triumphant Light (A2a) Arceus
Rotom,A2a 035,Triumphant Light (A2a) Arceus
Sudowoodo,A2a 036,Triumphant Light (A2a) Arceus
Phanpy,A2a 037,Triumphant Light (A2a) Arceus
Donphan,A2a 038,Triumphant Light (A2a) Arceus
Larvitar,A2a 039,Triumphant Light (A2a) Arceus
Pupitar,A2a 040,Triumphant Light (A2a) Arceus
Tyranitar,A2a 041,Triumphant Light (A2a) Arceus
Nosepass,A2a 042,Triumphant Light (A2a) Arceus
Meditite,A2a 043,Triumphant Light (A2a) Arceus
Medicham,A2a 044,Triumphant Light (A2a) Arceus
Gible,A2a 045,Triumphant Light (A2a) Arceus
Gabite,A2a 046,Triumphant Light (A2a) Arceus
Garchomp ex,A2a 047,Triumphant Light (A2a) Arceus
Zubat,A2a 048,Triumphant Light (A2a) Arceus
Golbat,A2a 049,Triumphant Light (A2a) Arceus
Crobat,A2a 050,Triumphant Light (A2a) Arceus
Croagunk,A2a 051,Triumphant Light (A2a) Arceus
Toxicroak,A2a 052,Triumphant Light (A2a) Arceus
Magnemite,A2a 053,Triumphant Light (A2a) Arceus
Magneton,A2a 054,Triumphant Light (A2a) Arceus
Magnezone,A2a 055,Triumphant Light (A2a) Arceus
Mawile,A2a 056,Triumphant Light (A2a) Arceus
Probopass ex,A2a 057,Triumphant Light (A2a) Arceus
Bronzor,A2a 058,Triumphant Light (A2a) Arceus
Bronzong,A2a 059,Triumphant Light (A2a) Arceus
Origin Forme Dialga,A2a 060,Triumphant Light (A2a) Arceus
Giratina,A2a 061,Triumphant Light (A2a) Arceus
Eevee,A2a 062,Triumphant Light (A2a) Arceus
Snorlax,A2a 063,Triumphant Light (A2a) Arceus
Hoothoot,A2a 064,Triumphant Light (A2a) Arceus
Noctowl,A2a 065,Triumphant Light (A2a) Arceus
Starly,A2a 066,Triumphant Light (A2a) Arceus
Staravia,A2a 067,Triumphant Light (A2a) Arceus
Staraptor,A2a 068,Triumphant Light (A2a) Arceus
Shaymin,A2a 069,Triumphant Light (A2a) Arceus
Arceus,A2a 070,Triumphant Light (A2a) Arceus
Arceus ex,A2a 071,Triumphant Light (A2a) Arceus
Irida,A2a 072,Triumphant Light (A2a) Arceus
Celestic Town Elder,A2a 073,Triumphant Light (A2a) Arceus
Barry,A2a 074,Triumphant Light (A2a) Arceus
Adaman,A2a 075,Triumphant Light (A2a) Arceus
Houndoom,A2a 076,Triumphant Light (A2a) Arceus
Marill,A2a 077,Triumphant Light (A2a) Arceus
Unown,A2a 078,Triumphant Light (A2a) Arceus
Sudowoodo,A2a 079,Triumphant Light (A2a) Arceus
Magnemite,A2a 080,Triumphant Light (A2a) Arceus
Shaymin,A2a 081,Triumphant Light (A2a) Arceus
Leafeon ex,A2a 082,Triumphant Light (A2a) Arceus
Glaceon ex,A2a 083,Triumphant Light (A2a) Arceus
Garchomp ex,A2a 084,Triumphant Light (A2a) Arceus
Probopass ex,A2a 085,Triumphant Light (A2a) Arceus
Arceus ex,A2a 086,Triumphant Light (A2a) Arceus
Irida,A2a 087,Triumphant Light (A2a) Arceus
Celestic Town Elder,A2a 088,Triumphant Light (A2a) Arceus
Barry,A2a 089,Triumphant Light (A2a) Arceus
Adaman,A2a 090,Triumphant Light (A2a) Arceus
Leafeon ex,A2a 091,Triumphant Light (A2a) Arceus
Glaceon ex,A2a 092,Triumphant Light (A2a) Arceus
Garchomp ex,A2a 093,Triumphant Light (A2a) Arceus
Probopass ex,A2a 094,Triumphant Light (A2a) Arceus
Arceus ex,A2a 095,Triumphant Light (A2a) Arceus
Arceus ex,A2a 096,Triumphant Light (A2a) Arceus
Weedle,A2b 001,Shining Revelry (A2b) Shiny Charizard
Kakuna,A2b 002,Shining Revelry (A2b) Shiny Charizard
Beedrill ex,A2b 003,Shining Revelry (A2b) Shiny Charizard
Pinsir,A2b 004,Shining Revelry (A2b) Shiny Charizard
Sprigatito,A2b 005,Shining Revelry (A2b) Shiny Charizard
Floragato,A2b 006,Shining Revelry (A2b) Shiny Charizard
Meowscarada,A2b 007,Shining Revelry (A2b) Shiny Charizard
Charmander,A2b 008,Shining Revelry (A2b) Shiny Charizard
Charmeleon,A2b 009,Shining Revelry (A2b) Shiny Charizard
Charizard ex,A2b 010,Shining Revelry (A2b) Shiny Charizard
Magmar,A2b 011,Shining Revelry (A2b) Shiny Charizard
Magmortar,A2b 012,Shining Revelry (A2b) Shiny Charizard
Paldean Tauros,A2b 013,Shining Revelry (A2b) Shiny Charizard
Tentacool,A2b 014,Shining Revelry (A2b) Shiny Charizard
Tentacruel,A2b 015,Shining Revelry (A2b) Shiny Charizard
Buizel,A2b 016,Shining Revelry (A2b) Shiny Charizard
Floatzel,A2b 017,Shining Revelry (A2b) Shiny Charizard
Wiglett,A2b 018,Shining Revelry (A2b) Shiny Charizard
Wugtrio ex,A2b 019,Shining Revelry (A2b) Shiny Charizard
Dondozo,A2b 020,Shining Revelry (A2b) Shiny Charizard
Tatsugiri,A2b 021,Shining Revelry (A2b) Shiny Charizard
Pikachu ex,A2b 022,Shining Revelry (A2b) Shiny Charizard
Voltorb,A2b 023,Shining Revelry (A2b) Shiny Charizard
Electrode,A2b 024,Shining Revelry (A2b) Shiny Charizard
Pachirisu,A2b 025,Shining Revelry (A2b) Shiny Charizard
Pawmi,A2b 026,Shining Revelry (A2b) Shiny Charizard
Pawmo,A2b 027,Shining Revelry (A2b) Shiny Charizard
Pawmot,A2b 028,Shining Revelry (A2b) Shiny Charizard
Abra,A2b 029,Shining Revelry (A2b) Shiny Charizard
Kadabra,A2b 030,Shining Revelry (A2b) Shiny Charizard
Alakazam,A2b 031,Shining Revelry (A2b) Shiny Charizard
Mr. Mime,A2b 032,Shining Revelry (A2b) Shiny Charizard
Drifloon,A2b 033,Shining Revelry (A2b) Shiny Charizard
Drifblim,A2b 034,Shining Revelry (A2b) Shiny Charizard
Giratina ex,A2b 035,Shining Revelry (A2b) Shiny Charizard
Gimmighoul,A2b 036,Shining Revelry (A2b) Shiny Charizard
Machop,A2b 037,Shining Revelry (A2b) Shiny Charizard
Machoke,A2b 038,Shining Revelry (A2b) Shiny Charizard
Machamp,A2b 039,Shining Revelry (A2b) Shiny Charizard
Hitmonlee,A2b 040,Shining Revelry (A2b) Shiny Charizard
Hitmonchan,A2b 041,Shining Revelry (A2b) Shiny Charizard
Riolu,A2b 042,Shining Revelry (A2b) Shiny Charizard
Lucario ex,A2b 043,Shining Revelry (A2b) Shiny Charizard
Flamigo,A2b 044,Shining Revelry (A2b) Shiny Charizard
Ekans,A2b 045,Shining Revelry (A2b) Shiny Charizard
Arbok,A2b 046,Shining Revelry (A2b) Shiny Charizard
Paldean Wooper,A2b 047,Shining Revelry (A2b) Shiny Charizard
Paldean Clodsire ex,A2b 048,Shining Revelry (A2b) Shiny Charizard
Spiritomb,A2b 049,Shining Revelry (A2b) Shiny Charizard
Shroodle,A2b 050,Shining Revelry (A2b) Shiny Charizard
Grafaiai,A2b 051,Shining Revelry (A2b) Shiny Charizard
Tinkatink,A2b 052,Shining Revelry (A2b) Shiny Charizard
Tinkatuff,A2b 053,Shining Revelry (A2b) Shiny Charizard
Tinkaton ex,A2b 054,Shining Revelry (A2b) Shiny Charizard
Varoom,A2b 055,Shining Revelry (A2b) Shiny Charizard
Revavroom,A2b 056,Shining Revelry (A2b) Shiny Charizard
Gholdengo,A2b 057,Shining Revelry (A2b) Shiny Charizard
Rattata,A2b 058,Shining Revelry (A2b) Shiny Charizard
Raticate,A2b 059,Shining Revelry (A2b) Shiny Charizard
Jigglypuff,A2b 060,Shining Revelry (A2b) Shiny Charizard
Wigglytuff,A2b 061,Shining Revelry (A2b) Shiny Charizard
Lickitung,A2b 062,Shining Revelry (A2b) Shiny Charizard
Lickilicky,A2b 063,Shining Revelry (A2b) Shiny Charizard
Bidoof,A2b 064,Shining Revelry (A2b) Shiny Charizard
Bibarel ex,A2b 065,Shining Revelry (A2b) Shiny Charizard
Buneary,A2b 066,Shining Revelry (A2b) Shiny Charizard
Lopunny,A2b 067,Shining Revelry (A2b) Shiny Charizard
Cyclizar,A2b 068,Shining Revelry (A2b) Shiny Charizard
Iono,A2b 069,Shining Revelry (A2b) Shiny Charizard
Pokemon Center Lady,A2b 070,Shining Revelry (A2b) Shiny Charizard
Red,A2b 071,Shining Revelry (A2b) Shiny Charizard
Team Rocket Grunt,A2b 072,Shining Revelry (A2b) Shiny Charizard
Meowscarada,A2b 073,Shining Revelry (A2b) Shiny Charizard
Buizel,A2b 074,Shining Revelry (A2b) Shiny Charizard
Tatsugiri,A2b 075,Shining Revelry (A2b) Shiny Charizard
Grafaiai,A2b 076,Shining Revelry (A2b) Shiny Charizard
Gholdengo,A2b 077,Shining Revelry (A2b) Shiny Charizard
Wigglytuff,A2b 078,Shining Revelry (A2b) Shiny Charizard
Beedrill ex,A2b 079,Shining Revelry (A2b) Shiny Charizard
Charizard ex,A2b 080,Shining Revelry (A2b) Shiny Charizard
Wugtrio ex,A2b 081,Shining Revelry (A2b) Shiny Charizard
Pikachu ex,A2b 082,Shining Revelry (A2b) Shiny Charizard
Giratina ex,A2b 083,Shining Revelry (A2b) Shiny Charizard
Lucario ex,A2b 084,Shining Revelry (A2b) Shiny Charizard
Paldean Clodsire ex,A2b 085,Shining Revelry (A2b) Shiny Charizard
Tinkaton ex,A2b 086,Shining Revelry (A2b) Shiny Charizard
Bibarel ex,A2b 087,Shining Revelry (A2b) Shiny Charizard
Iono,A2b 088,Shining Revelry (A2b) Shiny Charizard
Pokemon Center Lady,A2b 089,Shining Revelry (A2b) Shiny Charizard
Red,A2b 090,Shining Revelry (A2b) Shiny Charizard
Team Rocket Grunt,A2b 091,Shining Revelry (A2b) Shiny Charizard
Pikachu ex,A2b 092,Shining Revelry (A2b) Shiny Charizard
Paldean Clodsire ex,A2b 093,Shining Revelry (A2b) Shiny Charizard
Tinkaton ex,A2b 094,Shining Revelry (A2b) Shiny Charizard
Bibarel ex,A2b 095,Shining Revelry (A2b) Shiny Charizard
Giratina ex,A2b 096,Shining Revelry (A2b) Shiny Charizard
Weedle,A2b 097,Shining Revelry (A2b) Shiny Charizard
Kakuna,A2b 098,Shining Revelry (A2b) Shiny Charizard
Charmander,A2b 099,Shining Revelry (A2b) Shiny Charizard
Charmeleon,A2b 100,Shining Revelry (A2b) Shiny Charizard
Wiglett,A2b 101,Shining Revelry (A2b) Shiny Charizard
Dondozo,A2b 102,Shining Revelry (A2b) Shiny Charizard
Pachirisu,A2b 103,Shining Revelry (A2b) Shiny Charizard
Riolu,A2b 104,Shining Revelry (A2b) Shiny Charizard
Varoom,A2b 105,Shining Revelry (A2b) Shiny Charizard
Revavroom,A2b 106,Shining Revelry (A2b) Shiny Charizard
Beedrill ex,A2b 107,Shining Revelry (A2b) Shiny Charizard
Charizard ex,A2b 108,Shining Revelry (A2b) Shiny Charizard
Wugtrio ex,A2b 109,Shining Revelry (A2b) Shiny Charizard
Lucario ex,A2b 110,Shining Revelry (A2b) Shiny Charizard
Poke Ball,A2b 111,Shining Revelry (A2b) Shiny Charizard
Exeggcute,A3 001,Celestial Guardians (A3) Lunala
Alolan Exeggutor,A3 002,Celestial Guardians (A3) Lunala
Surskit,A3 003,Celestial Guardians (A3) Any (Celestial Guardians)
Masquerain,A3 004,Celestial Guardians (A3) Any (Celestial Guardians)
Maractus,A3 005,Celestial Guardians (A3) Lunala
Karrablast,A3 006,Celestial Guardians (A3) Any (Celestial Guardians)
Phantump,A3 007,Celestial Guardians (A3) Solgaleo
Trevenant,A3 008,Celestial Guardians (A3) Solgaleo
Rowlet,A3 009,Celestial Guardians (A3) Solgaleo
Rowlet,A3 010,Celestial Guardians (A3) Lunala
Dartrix,A3 011,Celestial Guardians (A3) Lunala
Decidueye ex,A3 012,Celestial Guardians (A3) Lunala
Grubbin,A3 013,Celestial Guardians (A3) Lunala
Fomantis,A3 014,Celestial Guardians (A3) Any (Celestial Guardians)
Lurantis,A3 015,Celestial Guardians (A3) Any (Celestial Guardians)
Morelull,A3 016,Celestial Guardians (A3) Lunala
Shiinotic,A3 017,Celestial Guardians (A3) Lunala
Bounsweet,A3 018,Celestial Guardians (A3) Solgaleo
Steenee,A3 019,Celestial Guardians (A3) Solgaleo
Tsareena,A3 020,Celestial Guardians (A3) Solgaleo
Wimpod,A3 021,Celestial Guardians (A3) Solgaleo
Golisopod,A3 022,Celestial Guardians (A3) Solgaleo
Dhelmise ex,A3 023,Celestial Guardians (A3) Solgaleo
Tapu Bulu,A3 024,Celestial Guardians (A3) Solgaleo
Growlithe,A3 025,Celestial Guardians (A3) Any (Celestial Guardians)
Arcanine,A3 026,Celestial Guardians (A3) Any (Celestial Guardians)
Alolan Marowak,A3 027,Celestial Guardians (A3) Lunala
Fletchinder,A3 028,Celestial Guardians (A3) Solgaleo
Talonflame,A3 029,Celestial Guardians (A3) Solgaleo
Litten,A3 030,Celestial Guardians (A3) Solgaleo
Litten,A3 031,Celestial Guardians (A3) Lunala
Torracat,A3 032,Celestial Guardians (A3) Solgaleo
Incineroar ex,A3 033,Celestial Guardians (A3) Solgaleo
Oricorio,A3 034,Celestial Guardians (A3) Lunala
Salandit,A3 035,Celestial Guardians (A3) Any (Celestial Guardians)
Salazzle,A3 036,Celestial Guardians (A3) Any (Celestial Guardians)
Turtonator,A3 037,Celestial Guardians (A3) Lunala
Alolan Sandshrew,A3 038,Celestial Guardians (A3) Any (Celestial Guardians)
Alolan Sandslash,A3 039,Celestial Guardians (A3) Any (Celestial Guardians)
Alolan Vulpix,A3 040,Celestial Guardians (A3) Lunala
Alolan Ninetales,A3 041,Celestial Guardians (A3) Lunala
Shellder,A3 042,Celestial Guardians (A3) Solgaleo
Cloyster,A3 043,Celestial Guardians (A3) Solgaleo
Lapras,A3 044,Celestial Guardians (A3) Any (Celestial Guardians)
Popplio,A3 045,Celestial Guardians (A3) Lunala
Popplio,A3 046,Celestial Guardians (A3) Solgaleo
Brionne,A3 047,Celestial Guardians (A3) Lunala
Primarina,A3 048,Celestial Guardians (A3) Lunala
Crabominable ex,A3 049,Celestial Guardians (A3) Solgaleo
Wishiwashi,A3 050,Celestial Guardians (A3) Lunala
Wishiwashi ex,A3 051,Celestial Guardians (A3) Lunala
Dewpider,A3 052,Celestial Guardians (A3) Solgaleo
Araquanid,A3 053,Celestial Guardians (A3) Solgaleo
Pyukumuku,A3 054,Celestial Guardians (A3) Lunala
Bruxish,A3 055,Celestial Guardians (A3) Any (Celestial Guardians)
Tapu Fini,A3 056,Celestial Guardians (A3) Lunala
Pikachu,A3 057,Celestial Guardians (A3) Solgaleo
Alolan Raichu ex,A3 058,Celestial Guardians (A3) Solgaleo
Alolan Geodude,A3 059,Celestial Guardians (A3) Solgaleo
Alolan Graveler,A3 060,Celestial Guardians (A3) Solgaleo
Alolan Golem,A3 061,Celestial Guardians (A3) Solgaleo
Helioptile,A3 062,Celestial Guardians (A3) Any (Celestial Guardians)
Heliolisk,A3 063,Celestial Guardians (A3) Any (Celestial Guardians)
Charjabug,A3 064,Celestial Guardians (A3) Lunala
Vikavolt,A3 065,Celestial Guardians (A3) Lunala
Oricorio,A3 066,Celestial Guardians (A3) Solgaleo
Togedemaru,A3 067,Celestial Guardians (A3) Lunala
Tapu Koko,A3 068,Celestial Guardians (A3) Solgaleo
Mr. Mime,A3 069,Celestial Guardians (A3) Solgaleo
Sableye,A3 070,Celestial Guardians (A3) Any (Celestial Guardians)
Spoink,A3 071,Celestial Guardians (A3) Any (Celestial Guardians)
Grumpig,A3 072,Celestial Guardians (A3) Any (Celestial Guardians)
Lunatone,A3 073,Celestial Guardians (A3) Lunala
Shuppet,A3 074,Celestial Guardians (A3) Any (Celestial Guardians)
Banette,A3 075,Celestial Guardians (A3) Any (Celestial Guardians)
Oricorio,A3 076,Celestial Guardians (A3) Solgaleo
Oricorio,A3 077,Celestial Guardians (A3) Lunala
Cutiefly,A3 078,Celestial Guardians (A3) Solgaleo
Ribombee,A3 079,Celestial Guardians (A3) Solgaleo
Comfey,A3 080,Celestial Guardians (A3) Solgaleo
Sandygast,A3 081,Celestial Guardians (A3) Solgaleo
Palossand,A3 082,Celestial Guardians (A3) Solgaleo
Mimikyu,A3 083,Celestial Guardians (A3) Lunala
Tapu Lele,A3 084,Celestial Guardians (A3) Lunala
Cosmog,A3 085,Celestial Guardians (A3) Any (Celestial Guardians)
Cosmoem,A3 086,Celestial Guardians (A3) Any (Celestial Guardians)
Necrozma,A3 088,Celestial Guardians (A3) Lunala
Cubone,A3 089,Celestial Guardians (A3) Lunala
Makuhita,A3 090,Celestial Guardians (A3) Any (Celestial Guardians)
Hariyama,A3 091,Celestial Guardians (A3) Any (Celestial Guardians)
Solrock,A3 092,Celestial Guardians (A3) Solgaleo
Drilbur,A3 093,Celestial Guardians (A3) Any (Celestial Guardians)
Timburr,A3 094,Celestial Guardians (A3) Lunala
Gurdurr,A3 095,Celestial Guardians (A3) Lunala
Conkeldurr,A3 096,Celestial Guardians (A3) Lunala
Crabrawler,A3 097,Celestial Guardians (A3) Solgaleo
Rockruff,A3 098,Celestial Guardians (A3) Lunala
Rockruff,A3 099,Celestial Guardians (A3) Solgaleo
Lycanroc,A3 100,Celestial Guardians (A3) Solgaleo
Lycanroc,A3 101,Celestial Guardians (A3) Lunala
Mudbray,A3 102,Celestial Guardians (A3) Solgaleo
Mudsdale,A3 103,Celestial Guardians (A3) Solgaleo
Passimian ex,A3 104,Celestial Guardians (A3) Lunala
Minior,A3 105,Celestial Guardians (A3) Lunala
Alolan Rattata,A3 106,Celestial Guardians (A3) Lunala
Alolan Raticate,A3 107,Celestial Guardians (A3) Lunala
Alolan Meowth,A3 108,Celestial Guardians (A3) Solgaleo
Alolan Persian,A3 109,Celestial Guardians (A3) Solgaleo
Alolan Grimer,A3 110,Celestial Guardians (A3) Lunala
Alolan Muk ex,A3 111,Celestial Guardians (A3) Lunala
Absol,A3 112,Celestial Guardians (A3) Lunala
Trubbish,A3 113,Celestial Guardians (A3) Any (Celestial Guardians)
Garbodor,A3 114,Celestial Guardians (A3) Any (Celestial Guardians)
Mareanie,A3 115,Celestial Guardians (A3) Lunala
Toxapex,A3 116,Celestial Guardians (A3) Lunala
Alolan Diglett,A3 117,Celestial Guardians (A3) Any (Celestial Guardians)
Alolan Dugtrio,A3 118,Celestial Guardians (A3) Any (Celestial Guardians)
Excadrill,A3 119,Celestial Guardians (A3) Any (Celestial Guardians)
Escavalier,A3 120,Celestial Guardians (A3) Any (Celestial Guardians)
Klefki,A3 121,Celestial Guardians (A3) Solgaleo
Magearna,A3 123,Celestial Guardians (A3) Solgaleo
Drampa,A3 124,Celestial Guardians (A3) Solgaleo
Jangmo-o,A3 125,Celestial Guardians (A3) Lunala
Hakamo-o,A3 126,Celestial Guardians (A3) Lunala
Kommo-o,A3 127,Celestial Guardians (A3) Lunala
Tauros,A3 128,Celestial Guardians (A3) Any (Celestial Guardians)
Skitty,A3 129,Celestial Guardians (A3) Any (Celestial Guardians)
Delcatty,A3 130,Celestial Guardians (A3) Any (Celestial Guardians)
Fletchling,A3 131,Celestial Guardians (A3) Solgaleo
Hawlucha,A3 132,Celestial Guardians (A3) Solgaleo
Pikipek,A3 133,Celestial Guardians (A3) Any (Celestial Guardians)
Trumbeak,A3 134,Celestial Guardians (A3) Any (Celestial Guardians)
Toucannon,A3 135,Celestial Guardians (A3) Any (Celestial Guardians)
Yungoos,A3 136,Celestial Guardians (A3) Solgaleo
Gumshoos,A3 137,Celestial Guardians (A3) Solgaleo
Stufful,A3 138,Celestial Guardians (A3) Lunala
Bewear,A3 139,Celestial Guardians (A3) Lunala
Oranguru,A3 140,Celestial Guardians (A3) Lunala
Komala,A3 141,Celestial Guardians (A3) Solgaleo
Big Malasada,A3 142,Celestial Guardians (A3) Any (Celestial Guardians)
Fishing Net,A3 143,Celestial Guardians (A3) Lunala
Rare Candy,A3 144,Celestial Guardians (A3) Any (Celestial Guardians)
Rotom Dex,A3 145,Celestial Guardians (A3) Solgaleo
Poison Barb,A3 146,Celestial Guardians (A3) Lunala
Leaf Cape,A3 147,Celestial Guardians (A3) Solgaleo
Acerola,A3 148,Celestial Guardians (A3) Lunala
Ilima,A3 149,Celestial Guardians (A3) Lunala
Kiawe,A3 150,Celestial Guardians (A3) Lunala
Guzma,A3 151,Celestial Guardians (A3) Lunala
Lana,A3 152,Celestial Guardians (A3) Solgaleo
Sophocles,A3 153,Celestial Guardians (A3) Solgaleo
Mallow,A3 154,Celestial Guardians (A3) Solgaleo
Lillie,A3 155,Celestial Guardians (A3) Solgaleo
Alolan Exeggutor,A3 156,Celestial Guardians (A3) Lunala
Morelull,A3 157,Celestial Guardians (A3) Lunala
Tsareena,A3 158,Celestial Guardians (A3) Solgaleo
Tapu Bulu,A3 159,Celestial Guardians (A3) Solgaleo
Alolan Marowak,A3 160,Celestial Guardians (A3) Lunala
Turtonator,A3 161,Celestial Guardians (A3) Lunala
Alolan Vulpix,A3 162,Celestial Guardians (A3) Lunala
Pyukumuku,A3 163,Celestial Guardians (A3) Lunala
Tapu Fini,A3 164,Celestial Guardians (A3) Lunala
Oricorio,A3 165,Celestial Guardians (A3) Solgaleo
Tapu Koko,A3 166,Celestial Guardians (A3) Solgaleo
Cutiefly,A3 167,Celestial Guardians (A3) Solgaleo
Comfey,A3 168,Celestial Guardians (A3) Solgaleo
Sandygast,A3 169,Celestial Guardians (A3) Solgaleo
Tapu Lele,A3 170,Celestial Guardians (A3) Lunala
Cosmog,A3 171,Celestial Guardians (A3) Lunala
Rockruff,A3 172,Celestial Guardians (A3) Solgaleo
Mudsdale,A3 173,Celestial Guardians (A3) Solgaleo
Minior,A3 174,Celestial Guardians (A3) Lunala
Magearna,A3 175,Celestial Guardians (A3) Solgaleo
Drampa,A3 176,Celestial Guardians (A3) Solgaleo
Pikipek,A3 177,Celestial Guardians (A3) lunala
Bewear,A3 178,Celestial Guardians (A3) lunala
Komala,A3 179,Celestial Guardians (A3) Solgaleo
Decidueye ex,A3 180,Celestial Guardians (A3) lunala
Dhelmise ex,A3 181,Celestial Guardians (A3) Solgaleo
Incineroar ex,A3 182,Celestial Guardians (A3) Solgaleo
Crabominable ex,A3 183,Celestial Guardians (A3) Solgaleo
Wishiwashi ex,A3 184,Celestial Guardians (A3) lunala
Alolan Raichu ex,A3 185,Celestial Guardians (A3) Solgaleo
Lunala ex,A3 186,Celestial Guardians (A3) lunala
Passimian ex,A3 187,Celestial Guardians (A3) Lunala
Alolan Muk ex,A3 188,Celestial Guardians (A3) Lunala
Solgaleo ex,A3 189,Celestial Guardians (A3) Solgaleo
Acerola,A3 190,Celestial Guardians (A3) Lunala
Ilima,A3 191,Celestial Guardians (A3) Lunala
Kiawe,A3 192,Celestial Guardians (A3) Lunala
Guzma,A3 193,Celestial Guardians (A3) Lunala
Lana,A3 194,Celestial Guardians (A3) Solgaleo
Sophocles,A3 195,Celestial Guardians (A3) Solgaleo
Mallow,A3 196,Celestial Guardians (A3) Solgaleo
Lillie,A3 197,Celestial Guardians (A3) Solgaleo
Decidueye ex,A3 198,Celestial Guardians (A3) Lunala
Dhelmise ex,A3 199,Celestial Guardians (A3) Solgaleo
Incineroar ex,A3 200,Celestial Guardians (A3) Solgaleo
Crabominable ex,A3 201,Celestial Guardians (A3) Solgaleo
Wishiwashi ex,A3 202,Celestial Guardians (A3) Lunala
Alolan Raichu ex,A3 203,Celestial Guardians (A3) Solgaleo
Lunala ex,A3 204,Celestial Guardians (A3) Lunala
Passimian ex,A3 205,Celestial Guardians (A3) Lunala
Alolan Muk ex,A3 206,Celestial Guardians (A3) Lunala
Solgaleo ex,A3 207,Celestial Guardians (A3) Solgaleo
Guzma,A3 208,Celestial Guardians (A3) Lunala
Lillie,A3 209,Celestial Guardians (A3) Solgaleo
Bulbasaur,A3 210,Celestial Guardians (A3) Solgaleo
Ivysaur,A3 211,Celestial Guardians (A3) Solgaleo
Venusaur,A3 212,Celestial Guardians (A3) Solgaleo
Exeggcute,A3 213,Celestial Guardians (A3) Lunala
Exeggutor,A3 214,Celestial Guardians (A3) Lunala
Squirtle,A3 215,Celestial Guardians (A3) Lunala
Wartortle,A3 216,Celestial Guardians (A3) Lunala
Blastoise,A3 217,Celestial Guardians (A3) Lunala
Staryu,A3 218,Celestial Guardians (A3) Solgaleo
Starmie,A3 219,Celestial Guardians (A3) Solgaleo
Gastly,A3 220,Celestial Guardians (A3) Lunala
Haunter,A3 221,Celestial Guardians (A3) Lunala
Gengar,A3 222,Celestial Guardians (A3) Lunala
Machop,A3 223,Celestial Guardians (A3) Solgaleo
Machoke,A3 224,Celestial Guardians (A3) Solgaleo
Machamp,A3 225,Celestial Guardians (A3) Solgaleo
Cubone,A3 226,Celestial Guardians (A3) Lunala
Marowak,A3 227,Celestial Guardians (A3) Lunala
Jigglypuff,A3 228,Celestial Guardians (A3) Solgaleo
Wigglytuff,A3 229,Celestial Guardians (A3) Solgaleo
Venusaur ex,A3 230,Celestial Guardians (A3) Solgaleo
Exeggutor ex,A3 231,Celestial Guardians (A3) Lunala
Blastoise ex,A3 232,Celestial Guardians (A3) Lunala
Starmie ex,A3 233,Celestial Guardians (A3) Solgaleo
Gengar ex,A3 234,Celestial Guardians (A3) Lunala
Machamp ex,A3 235,Celestial Guardians (A3) Solgaleo
Marowak ex,A3 236,Celestial Guardians (A3) Lunala
Wigglytuff ex,A3 237,Celestial Guardians (A3) Solgaleo
Lunala ex,A3 238,Celestial Guardians (A3) Any (Celestial Guardians)
Solgaleo ex,A3 239,Celestial Guardians (A3) Any (Celestial Guardians)
Potion,P-A 001,Promo Promo-A
X Speed,P-A 002,Promo Promo-A
Hand Scope,P-A 003,Promo Promo-A
Pokedex,P-A 004,Promo Promo-A
Poke Ball,P-A 005,Promo Promo-A
Red Card,P-A 006,Promo Promo-A
Professor's Research,P-A 007,Promo Promo-A
Pokedex,P-A 008,Promo Promo-A
Pikachu,P-A 009,Promo Promo-A
Mewtwo,P-A 010,Promo Promo-A
Chansey,P-A 011,Promo Promo-A
Meowth,P-A 012,Promo Promo-A
Butterfree,P-A 013,Promo Promo-A
Lapras ex,P-A 014,Promo Promo-A
Pikachu,P-A 015,Promo Promo-A
Clefairy,P-A 016,Promo Promo-A
Mankey,P-A 017,Promo Promo-A
Venusaur,P-A 018,Promo Promo-A
Greninja,P-A 019,Promo Promo-A
Haunter,P-A 020,Promo Promo-A
Onix,P-A 021,Promo Promo-A
Jigglypuff,P-A 022,Promo Promo-A
Bulbasaur,P-A 023,Promo Promo-A
Magnemite,P-A 024,Promo Promo-A
Moltres ex,P-A 025,Promo Promo-A
Pikachu,P-A 026,Promo Promo-A
Snivy,P-A 027,Promo Promo-A
Volcarona,P-A 028,Promo Promo-A
Blastoise,P-A 029,Promo Promo-A
Eevee,P-A 030,Promo Promo-A
Cinccino,P-A 031,Promo Promo-A
Charmander,P-A 032,Promo Promo-A
Squirtle,P-A 033,Promo Promo-A
Piplup,P-A 034,Promo Promo-A
Turtwig,P-A 035,Promo Promo-A
Electivire,P-A 036,Promo Promo-A
Cresselia ex,P-A 037,Promo Promo-A
Misdreavus,P-A 038,Promo Promo-A
Skarmory,P-A 039,Promo Promo-A
Chimchar,P-A 040,Promo Promo-A
Togepi,P-A 041,Promo Promo-A
Darkrai ex,P-A 042,Promo Promo-A
Cherrim,P-A 043,Promo Promo-A
Raichu,P-A 044,Promo Promo-A
Nosepass,P-A 045,Promo Promo-A
Gible,P-A 046,Promo Promo-A
Staraptor,P-A 047,Promo Promo-A
Manaphy,P-A 048,Promo Promo-A
Snorlax,P-A 049,Promo Promo-A
